"RelativePath","SizeBytes","SHA256"
"CP1_1150\back.mp4","8287354","c41d5bd5774007fde709c38cff328afbb8ccc42a8ed047c651c7e9cd79f5da6e"
"CP1_1150\front.mp4","9497005","5aa00cdf42325252e04cc580551d9f4943db59e7b0ecd33aa618cd5f4cc6479a"
"CP2_1200\back.mp4","9154457","9da9de0697296343a93c8df5476583dbf3223b15979511a777c7945e2a3fa943"
"CP2_1200\front.mp4","11943103","733f91885e1e8fd682ef2e9c1e250137820894cbf3b283bff1ac6f58263ac364"
"CP3_1210\back.mp4","7918162","0c01dd6588478cc65ee532ef200c06e25bda02f4059eb5f15d50f63b4c73a237"
"CP3_1210\front.mp4","7226827","d3c66cbbbb2220e251ef6cda472c1d37aaacd5dee97310ebe5d8b42a5f684793"
"CP4_1220\back.mp4","9230157","ab42c1be96eef258461ac884f037c244d1a83911eb0a4e4f81ee699e7dba226b"
"CP4_1220\front.mp4","9429503","4d791ce0cf506b7d6de20bb3c4fe606c87817a5316c85fcb071f4ef84e0ac5b0"
"CP5_1230\back.mp4","8064753","b47cb3bebec034c203a6d5b2297c845e71a6a27b56ae286227b733d97f6a08fc"
"CP5_1230\front.mp4","8191545","4477a9c7de4cab84c32cd9bbf557d26bd5501270a0063e882bb063640c1e9c65"
